C_Class	C_Name	P_Class	P_Name	File
0	Kanaa	1	Wepo	23346_42.jpg
0	Kanaa	1	Wepo	23359_10.jpg
0	Kanaa	0	Kanaa	23360_14.jpg
0	Kanaa	1	Wepo	CD_KANAA_002.jpg
0	Kanaa	0	Kanaa	CD_KANAA_005.jpg
0	Kanaa	0	Kanaa	CD_KANAA_021.jpg
0	Kanaa	0	Kanaa	CD_KANAA_033.jpg
0	Kanaa	0	Kanaa	CD_KANAA_035.jpg
0	Kanaa	0	Kanaa	CD_KANAA_058.jpg
0	Kanaa	0	Kanaa	CD_KANAA_066.jpg
0	Kanaa	2	Black_Mesa	CD_KANAA_070.jpg
0	Kanaa	0	Kanaa	CD_KANAA_074.jpg
0	Kanaa	1	Wepo	CD_KANAA_081.jpg
0	Kanaa	0	Kanaa	CD_KANAA_086.jpg
0	Kanaa	1	Wepo	CD_KANAA_101.jpg
0	Kanaa	0	Kanaa	CD_KANAA_110.jpg
0	Kanaa	0	Kanaa	CD_KANAA_124.jpg
0	Kanaa	0	Kanaa	CD_KANAA_133.jpg
0	Kanaa	0	Kanaa	CD_KANAA_138.jpg
0	Kanaa	0	Kanaa	CD_KANAA_154.jpg
0	Kanaa	0	Kanaa	CD_WEPO_018.jpg
0	Kanaa	0	Kanaa	CD_WEPO_024.jpg
0	Kanaa	3	Sosi	KANAABW_17F.jpg
0	Kanaa	0	Kanaa	KANAABW_21F.jpg
0	Kanaa	3	Sosi	KANAABW_26F.jpg
0	Kanaa	1	Wepo	KANAABW_5F.jpg
1	Wepo	5	Flagstaff	23345_08.jpg
1	Wepo	1	Wepo	23346_48.jpg
1	Wepo	3	Sosi	23353_15.jpg
1	Wepo	1	Wepo	23359_12.jpg
1	Wepo	1	Wepo	23360_02.jpg
1	Wepo	2	Black_Mesa	CD_BLACK_MESA_096.jpg
1	Wepo	2	Black_Mesa	CD_BLACK_MESA_285.jpg
1	Wepo	2	Black_Mesa	CD_KANAA_007.jpg
1	Wepo	3	Sosi	CD_KANAA_029.jpg
1	Wepo	3	Sosi	CD_KANAA_047.jpg
1	Wepo	2	Black_Mesa	CD_KANAA_054.jpg
1	Wepo	2	Black_Mesa	CD_KANAA_090.jpg
1	Wepo	3	Sosi	CD_KANAA_140.jpg
1	Wepo	0	Kanaa	CD_KANAA_158.jpg
1	Wepo	2	Black_Mesa	CD_WEPO_003.jpg
1	Wepo	1	Wepo	CD_WEPO_014.jpg
1	Wepo	2	Black_Mesa	CD_WEPO_027.jpg
1	Wepo	4	Dogoszhi	KANAABW_12F.jpg
2	Black_Mesa	2	Black_Mesa	23342_13.jpg
2	Black_Mesa	3	Sosi	23342_59.jpg
2	Black_Mesa	5	Flagstaff	23343_11.jpg
2	Black_Mesa	3	Sosi	23343_35.jpg
2	Black_Mesa	6	Tusayan	23344_07.jpg
2	Black_Mesa	2	Black_Mesa	23344_25.jpg
2	Black_Mesa	4	Dogoszhi	23345_02.jpg
2	Black_Mesa	2	Black_Mesa	23345_12.jpg
2	Black_Mesa	2	Black_Mesa	23345_18.jpg
2	Black_Mesa	3	Sosi	23345_30.jpg
2	Black_Mesa	2	Black_Mesa	23345_40.jpg
2	Black_Mesa	3	Sosi	23346_12.jpg
2	Black_Mesa	5	Flagstaff	23346_18.jpg
2	Black_Mesa	3	Sosi	23346_30.jpg
2	Black_Mesa	2	Black_Mesa	23347_03.jpg
2	Black_Mesa	2	Black_Mesa	23347_16.jpg
2	Black_Mesa	2	Black_Mesa	23347_27.jpg
2	Black_Mesa	2	Black_Mesa	23348_06.jpg
2	Black_Mesa	2	Black_Mesa	23351_03.jpg
2	Black_Mesa	2	Black_Mesa	23351_13.jpg
2	Black_Mesa	2	Black_Mesa	23352_14.jpg
2	Black_Mesa	2	Black_Mesa	23353_11.jpg
2	Black_Mesa	2	Black_Mesa	23355_10.jpg
2	Black_Mesa	2	Black_Mesa	23356_28.jpg
2	Black_Mesa	3	Sosi	23356_34.jpg
2	Black_Mesa	2	Black_Mesa	23358_08.jpg
2	Black_Mesa	2	Black_Mesa	23359_13.jpg
2	Black_Mesa	2	Black_Mesa	23359_25.jpg
2	Black_Mesa	2	Black_Mesa	23361_05.jpg
2	Black_Mesa	2	Black_Mesa	23364_08.jpg
2	Black_Mesa	2	Black_Mesa	23369_07.jpg
2	Black_Mesa	3	Sosi	23369_44.jpg
2	Black_Mesa	3	Sosi	23370_24.jpg
2	Black_Mesa	2	Black_Mesa	23370_32.jpg
2	Black_Mesa	3	Sosi	23370_47.jpg
2	Black_Mesa	2	Black_Mesa	23668_36.jpg
2	Black_Mesa	3	Sosi	BLACKMESABW_15F.jpg
2	Black_Mesa	2	Black_Mesa	BLACKMESABW_20F.jpg
2	Black_Mesa	3	Sosi	BLACKMESABW_27F.jpg
2	Black_Mesa	3	Sosi	BLACKMESABW_32F.jpg
2	Black_Mesa	3	Sosi	BLACKMESABW_7F.jpg
2	Black_Mesa	2	Black_Mesa	BLACKMESA_001UNKFA.jpg
2	Black_Mesa	2	Black_Mesa	CD_BLACK_MESA_009.jpg
2	Black_Mesa	2	Black_Mesa	CD_BLACK_MESA_017.jpg
2	Black_Mesa	2	Black_Mesa	CD_BLACK_MESA_024.jpg
2	Black_Mesa	2	Black_Mesa	CD_BLACK_MESA_032.jpg
2	Black_Mesa	2	Black_Mesa	CD_BLACK_MESA_041.jpg
2	Black_Mesa	2	Black_Mesa	CD_BLACK_MESA_048.jpg
2	Black_Mesa	3	Sosi	CD_BLACK_MESA_053.jpg
2	Black_Mesa	2	Black_Mesa	CD_BLACK_MESA_058.jpg
2	Black_Mesa	3	Sosi	CD_BLACK_MESA_068.jpg
2	Black_Mesa	2	Black_Mesa	CD_BLACK_MESA_074.jpg
2	Black_Mesa	2	Black_Mesa	CD_BLACK_MESA_079.jpg
2	Black_Mesa	2	Black_Mesa	CD_BLACK_MESA_090.jpg
2	Black_Mesa	2	Black_Mesa	CD_BLACK_MESA_098.jpg
2	Black_Mesa	2	Black_Mesa	CD_BLACK_MESA_106.jpg
2	Black_Mesa	3	Sosi	CD_BLACK_MESA_114.jpg
2	Black_Mesa	3	Sosi	CD_BLACK_MESA_131.jpg
2	Black_Mesa	3	Sosi	CD_BLACK_MESA_141.jpg
2	Black_Mesa	2	Black_Mesa	CD_BLACK_MESA_151.jpg
2	Black_Mesa	2	Black_Mesa	CD_BLACK_MESA_158.jpg
2	Black_Mesa	2	Black_Mesa	CD_BLACK_MESA_164.jpg
2	Black_Mesa	2	Black_Mesa	CD_BLACK_MESA_176.jpg
2	Black_Mesa	2	Black_Mesa	CD_BLACK_MESA_183.jpg
2	Black_Mesa	2	Black_Mesa	CD_BLACK_MESA_188.jpg
2	Black_Mesa	2	Black_Mesa	CD_BLACK_MESA_195.jpg
2	Black_Mesa	2	Black_Mesa	CD_BLACK_MESA_203.jpg
2	Black_Mesa	3	Sosi	CD_BLACK_MESA_209.jpg
2	Black_Mesa	2	Black_Mesa	CD_BLACK_MESA_217.jpg
2	Black_Mesa	2	Black_Mesa	CD_BLACK_MESA_222.jpg
2	Black_Mesa	3	Sosi	CD_BLACK_MESA_227.jpg
2	Black_Mesa	2	Black_Mesa	CD_BLACK_MESA_234.jpg
2	Black_Mesa	3	Sosi	CD_BLACK_MESA_239.jpg
2	Black_Mesa	2	Black_Mesa	CD_BLACK_MESA_245.jpg
2	Black_Mesa	2	Black_Mesa	CD_BLACK_MESA_250.jpg
2	Black_Mesa	2	Black_Mesa	CD_BLACK_MESA_257.jpg
2	Black_Mesa	2	Black_Mesa	CD_BLACK_MESA_263.jpg
2	Black_Mesa	3	Sosi	CD_BLACK_MESA_269.jpg
2	Black_Mesa	2	Black_Mesa	CD_BLACK_MESA_276.jpg
2	Black_Mesa	2	Black_Mesa	CD_BLACK_MESA_282.jpg
2	Black_Mesa	2	Black_Mesa	CD_BLACK_MESA_290.jpg
2	Black_Mesa	0	Kanaa	CD_BLACK_MESA_297.jpg
2	Black_Mesa	2	Black_Mesa	CD_BLACK_MESA_302.jpg
2	Black_Mesa	3	Sosi	CD_BLACK_MESA_307.jpg
2	Black_Mesa	2	Black_Mesa	CD_BLACK_MESA_312.jpg
2	Black_Mesa	2	Black_Mesa	CD_BLACK_MESA_317.jpg
2	Black_Mesa	2	Black_Mesa	CD_BLACK_MESA_322.jpg
2	Black_Mesa	2	Black_Mesa	CD_BLACK_MESA_329.jpg
2	Black_Mesa	2	Black_Mesa	CD_KANAA_014.jpg
2	Black_Mesa	2	Black_Mesa	CD_KANAA_095.jpg
2	Black_Mesa	2	Black_Mesa	CD_KANAA_136.jpg
2	Black_Mesa	3	Sosi	CD_SOSI_124.jpg
2	Black_Mesa	2	Black_Mesa	CD_SOSI_139.jpg
2	Black_Mesa	3	Sosi	CD_SOSI_223.jpg
2	Black_Mesa	2	Black_Mesa	CD_SOSI_292.jpg
2	Black_Mesa	3	Sosi	CD_SOSI_341.jpg
2	Black_Mesa	2	Black_Mesa	CD_TUSAYAN_09.jpg
2	Black_Mesa	2	Black_Mesa	CD_TUSAYAN_280.jpg
2	Black_Mesa	2	Black_Mesa	CD_WEPO_025.jpg
2	Black_Mesa	3	Sosi	PP_FLAGSTAFF_104.jpg
2	Black_Mesa	2	Black_Mesa	PP_FLAGSTAFF_19.jpg
2	Black_Mesa	2	Black_Mesa	PP_TUSAYAN_097.jpg
2	Black_Mesa	3	Sosi	SOSI_13.jpg
3	Sosi	3	Sosi	23342_12.jpg
3	Sosi	3	Sosi	23342_38.jpg
3	Sosi	3	Sosi	23342_39.jpg
3	Sosi	3	Sosi	23342_41.jpg
3	Sosi	3	Sosi	23342_43.jpg
3	Sosi	3	Sosi	23342_48.jpg
3	Sosi	3	Sosi	23342_49.jpg
3	Sosi	3	Sosi	23342_55.jpg
3	Sosi	3	Sosi	23343_06.jpg
3	Sosi	3	Sosi	23343_08.jpg
3	Sosi	3	Sosi	23343_17.jpg
3	Sosi	3	Sosi	23343_31.jpg
3	Sosi	3	Sosi	23344_14.jpg
3	Sosi	3	Sosi	23344_31.jpg
3	Sosi	2	Black_Mesa	23344_57.jpg
3	Sosi	2	Black_Mesa	23345_44.jpg
3	Sosi	3	Sosi	23346_11.jpg
3	Sosi	2	Black_Mesa	23346_46.jpg
3	Sosi	3	Sosi	23347_06.jpg
3	Sosi	3	Sosi	23347_20.jpg
3	Sosi	3	Sosi	23347_30.jpg
3	Sosi	3	Sosi	23348_01.jpg
3	Sosi	3	Sosi	23350_08.jpg
3	Sosi	3	Sosi	23350_13.jpg
3	Sosi	3	Sosi	23352_08.jpg
3	Sosi	3	Sosi	23352_19.jpg
3	Sosi	2	Black_Mesa	23352_22.jpg
3	Sosi	3	Sosi	23353_04.jpg
3	Sosi	3	Sosi	23353_09.jpg
3	Sosi	3	Sosi	23356_14.jpg
3	Sosi	3	Sosi	23356_38.jpg
3	Sosi	3	Sosi	23356_55.jpg
3	Sosi	5	Flagstaff	23356_66.jpg
3	Sosi	3	Sosi	23358_28.jpg
3	Sosi	2	Black_Mesa	23358_31.jpg
3	Sosi	3	Sosi	23358_33.jpg
3	Sosi	3	Sosi	23362_01.jpg
3	Sosi	3	Sosi	23364_05.jpg
3	Sosi	3	Sosi	23370_10.jpg
3	Sosi	3	Sosi	23370_12.jpg
3	Sosi	3	Sosi	23370_41.jpg
3	Sosi	3	Sosi	23668_31.jpg
3	Sosi	2	Black_Mesa	BLACKMESABW_10F.jpg
3	Sosi	3	Sosi	CD_BLACK_MESA_082.jpg
3	Sosi	3	Sosi	CD_BLACK_MESA_130.jpg
3	Sosi	3	Sosi	CD_DOGOSZHI_24.jpg
3	Sosi	3	Sosi	CD_FLAGSTAFF_105.jpg
3	Sosi	3	Sosi	CD_FLAGSTAFF_116.jpg
3	Sosi	3	Sosi	CD_FLAGSTAFF_126.jpg
3	Sosi	3	Sosi	CD_FLAGSTAFF_14.jpg
3	Sosi	3	Sosi	CD_FLAGSTAFF_15.jpg
3	Sosi	3	Sosi	CD_FLAGSTAFF_16.jpg
3	Sosi	5	Flagstaff	CD_FLAGSTAFF_199.jpg
3	Sosi	3	Sosi	CD_FLAGSTAFF_34.jpg
3	Sosi	3	Sosi	CD_FLAGSTAFF_44.jpg
3	Sosi	4	Dogoszhi	CD_FLAGSTAFF_60.jpg
3	Sosi	3	Sosi	CD_FLAGSTAFF_79.jpg
3	Sosi	3	Sosi	CD_FLAGSTAFF_90.jpg
3	Sosi	3	Sosi	CD_SOSI_05.jpg
3	Sosi	3	Sosi	CD_SOSI_100.jpg
3	Sosi	3	Sosi	CD_SOSI_106.jpg
3	Sosi	3	Sosi	CD_SOSI_116.jpg
3	Sosi	3	Sosi	CD_SOSI_120.jpg
3	Sosi	3	Sosi	CD_SOSI_134.jpg
3	Sosi	3	Sosi	CD_SOSI_14.jpg
3	Sosi	3	Sosi	CD_SOSI_147.jpg
3	Sosi	3	Sosi	CD_SOSI_153.jpg
3	Sosi	3	Sosi	CD_SOSI_160.jpg
3	Sosi	3	Sosi	CD_SOSI_165.jpg
3	Sosi	3	Sosi	CD_SOSI_17.jpg
3	Sosi	3	Sosi	CD_SOSI_175.jpg
3	Sosi	3	Sosi	CD_SOSI_18.jpg
3	Sosi	3	Sosi	CD_SOSI_185.jpg
3	Sosi	3	Sosi	CD_SOSI_19.jpg
3	Sosi	3	Sosi	CD_SOSI_194.jpg
3	Sosi	3	Sosi	CD_SOSI_20.jpg
3	Sosi	3	Sosi	CD_SOSI_205.jpg
3	Sosi	3	Sosi	CD_SOSI_210.jpg
3	Sosi	3	Sosi	CD_SOSI_216.jpg
3	Sosi	3	Sosi	CD_SOSI_221.jpg
3	Sosi	3	Sosi	CD_SOSI_226.jpg
3	Sosi	3	Sosi	CD_SOSI_231.jpg
3	Sosi	3	Sosi	CD_SOSI_240.jpg
3	Sosi	3	Sosi	CD_SOSI_248.jpg
3	Sosi	3	Sosi	CD_SOSI_252.jpg
3	Sosi	3	Sosi	CD_SOSI_257.jpg
3	Sosi	3	Sosi	CD_SOSI_262.jpg
3	Sosi	3	Sosi	CD_SOSI_267.jpg
3	Sosi	3	Sosi	CD_SOSI_271.jpg
3	Sosi	3	Sosi	CD_SOSI_276.jpg
3	Sosi	3	Sosi	CD_SOSI_281.jpg
3	Sosi	3	Sosi	CD_SOSI_287.jpg
3	Sosi	3	Sosi	CD_SOSI_294.jpg
3	Sosi	3	Sosi	CD_SOSI_30.jpg
3	Sosi	3	Sosi	CD_SOSI_304.jpg
3	Sosi	3	Sosi	CD_SOSI_316.jpg
3	Sosi	3	Sosi	CD_SOSI_320.jpg
3	Sosi	3	Sosi	CD_SOSI_326.jpg
3	Sosi	3	Sosi	CD_SOSI_330.jpg
3	Sosi	3	Sosi	CD_SOSI_336.jpg
3	Sosi	3	Sosi	CD_SOSI_346.jpg
3	Sosi	3	Sosi	CD_SOSI_350.jpg
3	Sosi	3	Sosi	CD_SOSI_40.jpg
3	Sosi	3	Sosi	CD_SOSI_47.jpg
3	Sosi	3	Sosi	CD_SOSI_54.jpg
3	Sosi	3	Sosi	CD_SOSI_59.jpg
3	Sosi	3	Sosi	CD_SOSI_67.jpg
3	Sosi	3	Sosi	CD_SOSI_74.jpg
3	Sosi	3	Sosi	CD_SOSI_81.jpg
3	Sosi	3	Sosi	CD_SOSI_86.jpg
3	Sosi	3	Sosi	CD_SOSI_94.jpg
3	Sosi	5	Flagstaff	CD_TUSAYAN_143.jpg
3	Sosi	3	Sosi	PP_FLAGSTAFF_100.jpg
3	Sosi	3	Sosi	PP_FLAGSTAFF_111.jpg
3	Sosi	3	Sosi	PP_FLAGSTAFF_131.jpg
3	Sosi	3	Sosi	PP_FLAGSTAFF_186.jpg
3	Sosi	3	Sosi	PP_FLAGSTAFF_26.jpg
3	Sosi	3	Sosi	PP_FLAGSTAFF_45.jpg
3	Sosi	3	Sosi	PP_FLAGSTAFF_72.jpg
3	Sosi	3	Sosi	SOSI_1.jpg
3	Sosi	3	Sosi	SOSI_15.jpg
3	Sosi	3	Sosi	SOSI_20.jpg
3	Sosi	3	Sosi	SOSI_25.jpg
3	Sosi	3	Sosi	SOSI_8.jpg
4	Dogoszhi	4	Dogoszhi	23342_07.jpg
4	Dogoszhi	4	Dogoszhi	23342_17.jpg
4	Dogoszhi	4	Dogoszhi	23342_22.jpg
4	Dogoszhi	4	Dogoszhi	23342_30.jpg
4	Dogoszhi	3	Sosi	23342_33.jpg
4	Dogoszhi	4	Dogoszhi	23343_02.jpg
4	Dogoszhi	4	Dogoszhi	23344_06.jpg
4	Dogoszhi	4	Dogoszhi	23344_08.jpg
4	Dogoszhi	4	Dogoszhi	23344_40.jpg
4	Dogoszhi	3	Sosi	23344_43.jpg
4	Dogoszhi	5	Flagstaff	23345_21.jpg
4	Dogoszhi	4	Dogoszhi	23345_34.jpg
4	Dogoszhi	4	Dogoszhi	23345_49.jpg
4	Dogoszhi	3	Sosi	23346_49.jpg
4	Dogoszhi	4	Dogoszhi	23347_34.jpg
4	Dogoszhi	4	Dogoszhi	23352_06.jpg
4	Dogoszhi	4	Dogoszhi	23353_16.jpg
4	Dogoszhi	3	Sosi	23358_13.jpg
4	Dogoszhi	4	Dogoszhi	23359_04.jpg
4	Dogoszhi	4	Dogoszhi	23359_24.jpg
4	Dogoszhi	4	Dogoszhi	23361_01.jpg
4	Dogoszhi	4	Dogoszhi	23361_12.jpg
4	Dogoszhi	4	Dogoszhi	23369_16.jpg
4	Dogoszhi	4	Dogoszhi	23369_22.jpg
4	Dogoszhi	4	Dogoszhi	23369_27.jpg
4	Dogoszhi	4	Dogoszhi	23369_40.jpg
4	Dogoszhi	4	Dogoszhi	23370_44.jpg
4	Dogoszhi	4	Dogoszhi	23668_03.jpg
4	Dogoszhi	4	Dogoszhi	23668_19.jpg
4	Dogoszhi	4	Dogoszhi	CD_DOGOSZHI_03.jpg
4	Dogoszhi	4	Dogoszhi	CD_DOGOSZHI_103.jpg
4	Dogoszhi	4	Dogoszhi	CD_DOGOSZHI_108.jpg
4	Dogoszhi	4	Dogoszhi	CD_DOGOSZHI_115.jpg
4	Dogoszhi	4	Dogoszhi	CD_DOGOSZHI_120.jpg
4	Dogoszhi	3	Sosi	CD_DOGOSZHI_125.jpg
4	Dogoszhi	4	Dogoszhi	CD_DOGOSZHI_130.jpg
4	Dogoszhi	4	Dogoszhi	CD_DOGOSZHI_17.jpg
4	Dogoszhi	4	Dogoszhi	CD_DOGOSZHI_26.jpg
4	Dogoszhi	4	Dogoszhi	CD_DOGOSZHI_32.jpg
4	Dogoszhi	4	Dogoszhi	CD_DOGOSZHI_39.jpg
4	Dogoszhi	4	Dogoszhi	CD_DOGOSZHI_44.jpg
4	Dogoszhi	4	Dogoszhi	CD_DOGOSZHI_50.jpg
4	Dogoszhi	5	Flagstaff	CD_DOGOSZHI_55.jpg
4	Dogoszhi	3	Sosi	CD_DOGOSZHI_60.jpg
4	Dogoszhi	4	Dogoszhi	CD_DOGOSZHI_66.jpg
4	Dogoszhi	3	Sosi	CD_DOGOSZHI_72.jpg
4	Dogoszhi	4	Dogoszhi	CD_DOGOSZHI_79.jpg
4	Dogoszhi	4	Dogoszhi	CD_DOGOSZHI_84.jpg
4	Dogoszhi	4	Dogoszhi	CD_DOGOSZHI_89.jpg
4	Dogoszhi	4	Dogoszhi	CD_DOGOSZHI_94.jpg
4	Dogoszhi	5	Flagstaff	DOGOSZHIBW_14.jpg
4	Dogoszhi	4	Dogoszhi	DOGOSZHIBW_6.jpg
5	Flagstaff	5	Flagstaff	23343_12.jpg
5	Flagstaff	3	Sosi	23356_53.jpg
5	Flagstaff	3	Sosi	23356_60.jpg
5	Flagstaff	4	Dogoszhi	23358_21.jpg
5	Flagstaff	3	Sosi	23363_02.jpg
5	Flagstaff	5	Flagstaff	CD_FLAGSTAFF_101.jpg
5	Flagstaff	5	Flagstaff	CD_FLAGSTAFF_120.jpg
5	Flagstaff	5	Flagstaff	CD_FLAGSTAFF_128.jpg
5	Flagstaff	5	Flagstaff	CD_FLAGSTAFF_136.jpg
5	Flagstaff	3	Sosi	CD_FLAGSTAFF_166.jpg
5	Flagstaff	3	Sosi	CD_FLAGSTAFF_183.jpg
5	Flagstaff	5	Flagstaff	CD_FLAGSTAFF_187.jpg
5	Flagstaff	5	Flagstaff	CD_FLAGSTAFF_194.jpg
5	Flagstaff	5	Flagstaff	CD_FLAGSTAFF_25.jpg
5	Flagstaff	5	Flagstaff	CD_FLAGSTAFF_52.jpg
5	Flagstaff	5	Flagstaff	CD_FLAGSTAFF_62.jpg
5	Flagstaff	4	Dogoszhi	CD_FLAGSTAFF_68.jpg
5	Flagstaff	3	Sosi	CD_FLAGSTAFF_88.jpg
5	Flagstaff	5	Flagstaff	CD_TUSAYAN_137.jpg
5	Flagstaff	5	Flagstaff	CD_TUSAYAN_198.jpg
5	Flagstaff	5	Flagstaff	CD_TUSAYAN_230.jpg
5	Flagstaff	3	Sosi	CD_TUSAYAN_264.jpg
5	Flagstaff	5	Flagstaff	CD_TUSAYAN_335.jpg
5	Flagstaff	5	Flagstaff	FLAGSTAFFBW_1.jpg
5	Flagstaff	2	Black_Mesa	FLAGSTAFFBW_14.jpg
5	Flagstaff	5	Flagstaff	FLAGSTAFFBW_3.jpg
5	Flagstaff	5	Flagstaff	FLAGSTAFFBW_8.jpg
5	Flagstaff	5	Flagstaff	PP_FLAGSTAFF_05.jpg
5	Flagstaff	4	Dogoszhi	PP_FLAGSTAFF_090.jpg
5	Flagstaff	5	Flagstaff	PP_FLAGSTAFF_118.jpg
5	Flagstaff	5	Flagstaff	PP_FLAGSTAFF_123.jpg
5	Flagstaff	3	Sosi	PP_FLAGSTAFF_136.jpg
5	Flagstaff	5	Flagstaff	PP_FLAGSTAFF_140.jpg
5	Flagstaff	5	Flagstaff	PP_FLAGSTAFF_157.jpg
5	Flagstaff	5	Flagstaff	PP_FLAGSTAFF_172.jpg
5	Flagstaff	5	Flagstaff	PP_FLAGSTAFF_179.jpg
5	Flagstaff	6	Tusayan	PP_FLAGSTAFF_184.jpg
5	Flagstaff	3	Sosi	PP_FLAGSTAFF_192.jpg
5	Flagstaff	6	Tusayan	PP_FLAGSTAFF_201.jpg
5	Flagstaff	5	Flagstaff	PP_FLAGSTAFF_28.jpg
5	Flagstaff	5	Flagstaff	PP_FLAGSTAFF_55.jpg
5	Flagstaff	5	Flagstaff	PP_FLAGSTAFF_66.jpg
5	Flagstaff	5	Flagstaff	PP_TUSAYAN_010.jpg
5	Flagstaff	5	Flagstaff	PP_TUSAYAN_125.jpg
5	Flagstaff	5	Flagstaff	PP_WUPATKI_002.jpg
5	Flagstaff	5	Flagstaff	PP_WUPATKI_050.jpg
5	Flagstaff	3	Sosi	PP_WUPATKI_080.jpg
6	Tusayan	2	Black_Mesa	CD_BLACK_MESA_123.jpg
6	Tusayan	6	Tusayan	CD_FLAGSTAFF_111.jpg
6	Tusayan	5	Flagstaff	CD_FLAGSTAFF_18.jpg
6	Tusayan	6	Tusayan	CD_FLAGSTAFF_51.jpg
6	Tusayan	4	Dogoszhi	CD_KANAA_013.jpg
6	Tusayan	6	Tusayan	CD_KAYENTA_09.jpg
6	Tusayan	7	Kayenta	CD_KAYENTA_128.jpg
6	Tusayan	2	Black_Mesa	CD_KAYENTA_21.jpg
6	Tusayan	6	Tusayan	CD_KAYENTA_24.jpg
6	Tusayan	6	Tusayan	CD_KAYENTA_29.jpg
6	Tusayan	6	Tusayan	CD_KAYENTA_35.jpg
6	Tusayan	6	Tusayan	CD_KAYENTA_40.jpg
6	Tusayan	6	Tusayan	CD_KAYENTA_42.jpg
6	Tusayan	2	Black_Mesa	CD_KAYENTA_46.jpg
6	Tusayan	6	Tusayan	CD_KAYENTA_47.jpg
6	Tusayan	2	Black_Mesa	CD_KAYENTA_58.jpg
6	Tusayan	2	Black_Mesa	CD_KAYENTA_64.jpg
6	Tusayan	6	Tusayan	CD_KAYENTA_71.jpg
6	Tusayan	2	Black_Mesa	CD_KAYENTA_77.jpg
6	Tusayan	3	Sosi	CD_KAYENTA_87.jpg
6	Tusayan	6	Tusayan	CD_KAYENTA_96.jpg
6	Tusayan	3	Sosi	CD_TUSAYAN_05.jpg
6	Tusayan	2	Black_Mesa	CD_TUSAYAN_104.jpg
6	Tusayan	3	Sosi	CD_TUSAYAN_111.jpg
6	Tusayan	6	Tusayan	CD_TUSAYAN_116.jpg
6	Tusayan	6	Tusayan	CD_TUSAYAN_122.jpg
6	Tusayan	6	Tusayan	CD_TUSAYAN_127.jpg
6	Tusayan	6	Tusayan	CD_TUSAYAN_132.jpg
6	Tusayan	5	Flagstaff	CD_TUSAYAN_140.jpg
6	Tusayan	6	Tusayan	CD_TUSAYAN_148.jpg
6	Tusayan	6	Tusayan	CD_TUSAYAN_153.jpg
6	Tusayan	6	Tusayan	CD_TUSAYAN_159.jpg
6	Tusayan	5	Flagstaff	CD_TUSAYAN_166.jpg
6	Tusayan	6	Tusayan	CD_TUSAYAN_175.jpg
6	Tusayan	2	Black_Mesa	CD_TUSAYAN_18.jpg
6	Tusayan	6	Tusayan	CD_TUSAYAN_186.jpg
6	Tusayan	6	Tusayan	CD_TUSAYAN_192.jpg
6	Tusayan	6	Tusayan	CD_TUSAYAN_199.jpg
6	Tusayan	5	Flagstaff	CD_TUSAYAN_203.jpg
6	Tusayan	6	Tusayan	CD_TUSAYAN_208.jpg
6	Tusayan	6	Tusayan	CD_TUSAYAN_218.jpg
6	Tusayan	6	Tusayan	CD_TUSAYAN_225.jpg
6	Tusayan	6	Tusayan	CD_TUSAYAN_234.jpg
6	Tusayan	2	Black_Mesa	CD_TUSAYAN_240.jpg
6	Tusayan	6	Tusayan	CD_TUSAYAN_25.jpg
6	Tusayan	6	Tusayan	CD_TUSAYAN_263.jpg
6	Tusayan	4	Dogoszhi	CD_TUSAYAN_272.jpg
6	Tusayan	6	Tusayan	CD_TUSAYAN_28.jpg
6	Tusayan	6	Tusayan	CD_TUSAYAN_285.jpg
6	Tusayan	6	Tusayan	CD_TUSAYAN_291.jpg
6	Tusayan	6	Tusayan	CD_TUSAYAN_300.jpg
6	Tusayan	6	Tusayan	CD_TUSAYAN_307.jpg
6	Tusayan	6	Tusayan	CD_TUSAYAN_312.jpg
6	Tusayan	6	Tusayan	CD_TUSAYAN_318.jpg
6	Tusayan	2	Black_Mesa	CD_TUSAYAN_322.jpg
6	Tusayan	6	Tusayan	CD_TUSAYAN_328.jpg
6	Tusayan	6	Tusayan	CD_TUSAYAN_336.jpg
6	Tusayan	6	Tusayan	CD_TUSAYAN_341.jpg
6	Tusayan	6	Tusayan	CD_TUSAYAN_346.jpg
6	Tusayan	6	Tusayan	CD_TUSAYAN_355.jpg
6	Tusayan	6	Tusayan	CD_TUSAYAN_366.jpg
6	Tusayan	6	Tusayan	CD_TUSAYAN_374.jpg
6	Tusayan	6	Tusayan	CD_TUSAYAN_380.jpg
6	Tusayan	6	Tusayan	CD_TUSAYAN_42.jpg
6	Tusayan	3	Sosi	CD_TUSAYAN_49.jpg
6	Tusayan	6	Tusayan	CD_TUSAYAN_55.jpg
6	Tusayan	6	Tusayan	CD_TUSAYAN_63.jpg
6	Tusayan	3	Sosi	CD_TUSAYAN_69.jpg
6	Tusayan	3	Sosi	CD_TUSAYAN_77.jpg
6	Tusayan	6	Tusayan	CD_TUSAYAN_84.jpg
6	Tusayan	6	Tusayan	CD_TUSAYAN_94.jpg
6	Tusayan	5	Flagstaff	PP_FLAGSTAFF_084.jpg
6	Tusayan	6	Tusayan	PP_FLAGSTAFF_155.jpg
6	Tusayan	6	Tusayan	PP_TUSAYAN_001.jpg
6	Tusayan	3	Sosi	PP_TUSAYAN_009.jpg
6	Tusayan	5	Flagstaff	PP_TUSAYAN_017.jpg
6	Tusayan	6	Tusayan	PP_TUSAYAN_023.jpg
6	Tusayan	5	Flagstaff	PP_TUSAYAN_032.jpg
6	Tusayan	6	Tusayan	PP_TUSAYAN_038.jpg
6	Tusayan	6	Tusayan	PP_TUSAYAN_043.jpg
6	Tusayan	6	Tusayan	PP_TUSAYAN_056.jpg
6	Tusayan	6	Tusayan	PP_TUSAYAN_063.jpg
6	Tusayan	6	Tusayan	PP_TUSAYAN_068.jpg
6	Tusayan	6	Tusayan	PP_TUSAYAN_074.jpg
6	Tusayan	6	Tusayan	PP_TUSAYAN_080.jpg
6	Tusayan	6	Tusayan	PP_TUSAYAN_086.jpg
6	Tusayan	5	Flagstaff	PP_TUSAYAN_092.jpg
6	Tusayan	5	Flagstaff	PP_TUSAYAN_098.jpg
6	Tusayan	6	Tusayan	PP_TUSAYAN_110.jpg
6	Tusayan	6	Tusayan	PP_TUSAYAN_117.jpg
6	Tusayan	6	Tusayan	PP_TUSAYAN_123.jpg
6	Tusayan	6	Tusayan	PP_TUSAYAN_128.jpg
6	Tusayan	3	Sosi	PP_TUSAYAN_136.jpg
6	Tusayan	6	Tusayan	PP_TUSAYAN_142.jpg
6	Tusayan	2	Black_Mesa	PP_TUSAYAN_158.jpg
6	Tusayan	2	Black_Mesa	PP_TUSAYAN_168.jpg
6	Tusayan	6	Tusayan	PP_TUSAYAN_174.jpg
6	Tusayan	6	Tusayan	PP_WUPATKI_005.jpg
6	Tusayan	6	Tusayan	PP_WUPATKI_030.jpg
6	Tusayan	6	Tusayan	PP_WUPATKI_038.jpg
6	Tusayan	6	Tusayan	PP_WUPATKI_089.jpg
6	Tusayan	6	Tusayan	PP_WUPATKI_099.jpg
6	Tusayan	6	Tusayan	T_B_W_01.jpg
6	Tusayan	6	Tusayan	T_B_W_07.jpg
6	Tusayan	6	Tusayan	T_B_W_12.jpg
6	Tusayan	6	Tusayan	T_B_W_17.jpg
6	Tusayan	6	Tusayan	T_B_W_22.jpg
7	Kayenta	6	Tusayan	CD_KAYENTA_03.jpg
7	Kayenta	7	Kayenta	CD_KAYENTA_103.jpg
7	Kayenta	7	Kayenta	CD_KAYENTA_108.jpg
7	Kayenta	6	Tusayan	CD_KAYENTA_111.jpg
7	Kayenta	7	Kayenta	CD_KAYENTA_116.jpg
7	Kayenta	7	Kayenta	CD_KAYENTA_118.jpg
7	Kayenta	7	Kayenta	CD_KAYENTA_120.jpg
7	Kayenta	7	Kayenta	CD_KAYENTA_125.jpg
7	Kayenta	7	Kayenta	CD_KAYENTA_133.jpg
7	Kayenta	6	Tusayan	CD_KAYENTA_141.jpg
7	Kayenta	7	Kayenta	CD_KAYENTA_148.jpg
7	Kayenta	2	Black_Mesa	CD_KAYENTA_81.jpg
7	Kayenta	7	Kayenta	CD_KAYENTA_88.jpg
7	Kayenta	7	Kayenta	CD_KAYENTA_97.jpg
7	Kayenta	6	Tusayan	CD_TUSAYAN_229.jpg
7	Kayenta	7	Kayenta	KAYENTA_16.jpg
7	Kayenta	7	Kayenta	KAYENTA_20.jpg
7	Kayenta	7	Kayenta	KAYENTA_24.jpg
7	Kayenta	7	Kayenta	KAYENTA_25.jpg
